nemoProject	1	main	2026-08-02T05:15:17Z	cr=limit	plan=Pro Plus	cr_reviews=0	cr_inline=0	gr_items=0	gr_inline=0	bots=coderabbitai[bot]
nemoProject	2	main	2026-08-02T05:40:17Z	cr=limit	plan=Pro Plus	cr_reviews=0	cr_inline=0	gr_items=0	gr_inline=0	bots=coderabbitai[bot]
nemoProject	3	main	2026-08-02T06:00:56Z	cr=limit	plan=Pro Plus	cr_reviews=0	cr_inline=0	gr_items=0	gr_inline=0	bots=coderabbitai[bot]
nemoProject	4	main	2026-08-02T06:24:46Z	cr=walkthrough	plan=	cr_reviews=1	cr_inline=0	gr_items=0	gr_inline=0	bots=coderabbitai[bot]
nemoProject	5	main	2026-08-02T06:35:31Z	cr=limit	plan=Pro Plus	cr_reviews=0	cr_inline=0	gr_items=0	gr_inline=0	bots=coderabbitai[bot]
nemoProject	6	main	2026-08-02T06:44:09Z	cr=limit	plan=Pro Plus	cr_reviews=0	cr_inline=0	gr_items=0	gr_inline=0	bots=coderabbitai[bot]
nemoProject	7	main	2026-08-02T08:08:03Z	cr=walkthrough	plan=	cr_reviews=1	cr_inline=1	gr_items=0	gr_inline=0	bots=coderabbitai[bot]
nemoProject	8	main	2026-08-02T08:28:27Z	cr=limit	plan=Pro Plus	cr_reviews=0	cr_inline=0	gr_items=0	gr_inline=0	bots=coderabbitai[bot]
nemoProject	9	main	2026-08-02T08:53:23Z	cr=limit	plan=Pro Plus	cr_reviews=0	cr_inline=0	gr_items=0	gr_inline=0	bots=coderabbitai[bot]
nemoProject	10	main	2026-08-02T09:06:39Z	cr=limit	plan=Pro Plus	cr_reviews=0	cr_inline=0	gr_items=0	gr_inline=0	bots=coderabbitai[bot]
nemoProject	11	main	2026-08-02T09:33:09Z	cr=walkthrough	plan=	cr_reviews=1	cr_inline=3	gr_items=0	gr_inline=0	bots=coderabbitai[bot]
nemoProject	12	main	2026-08-02T10:28:43Z	cr=limit	plan=Pro Plus	cr_reviews=0	cr_inline=0	gr_items=0	gr_inline=0	bots=coderabbitai[bot]
nemoProject	13	main	2026-08-02T10:52:08Z	cr=limit	plan=Pro Plus	cr_reviews=0	cr_inline=0	gr_items=0	gr_inline=0	bots=coderabbitai[bot]
nemoProject	14	main	2026-08-02T11:08:10Z	cr=limit	plan=Pro Plus	cr_reviews=0	cr_inline=0	gr_items=0	gr_inline=0	bots=coderabbitai[bot]
nemoProject	15	main	2026-08-02T11:24:07Z	cr=limit	plan=Pro Plus	cr_reviews=0	cr_inline=0	gr_items=0	gr_inline=0	bots=coderabbitai[bot]
nemoProject	16	main	2026-08-02T11:54:29Z	cr=walkthrough	plan=	cr_reviews=1	cr_inline=2	gr_items=0	gr_inline=0	bots=coderabbitai[bot]
nemoProject	17	main	2026-08-02T12:11:18Z	cr=limit	plan=Pro Plus	cr_reviews=0	cr_inline=0	gr_items=0	gr_inline=0	bots=coderabbitai[bot]
nemoProject	18	main	2026-08-02T12:24:29Z	cr=limit	plan=Pro Plus	cr_reviews=0	cr_inline=0	gr_items=0	gr_inline=0	bots=coderabbitai[bot]
nemoProject	19	main	2026-08-02T13:57:08Z	cr=walkthrough	plan=Pro Plus	cr_reviews=2	cr_inline=4	gr_items=0	gr_inline=0	bots=coderabbitai[bot]
nemoProject	20	main	2026-08-02T14:21:04Z	cr=limit	plan=Pro Plus	cr_reviews=0	cr_inline=0	gr_items=0	gr_inline=0	bots=coderabbitai[bot]
nemoProject	21	main	2026-08-02T17:27:51Z	cr=limit	plan=Pro Plus	cr_reviews=1	cr_inline=14	gr_items=0	gr_inline=0	bots=coderabbitai[bot]
nemoProject	22	main	2026-08-02T18:07:09Z	cr=limit	plan=Pro Plus	cr_reviews=0	cr_inline=0	gr_items=0	gr_inline=0	bots=coderabbitai[bot]
nemoProject	23	main	2026-08-02T18:54:25Z	cr=limit	plan=Pro Plus	cr_reviews=1	cr_inline=4	gr_items=0	gr_inline=0	bots=coderabbitai[bot]
nemoProject	24	main	2026-08-02T19:45:46Z	cr=limit	plan=Pro Plus	cr_reviews=0	cr_inline=0	gr_items=0	gr_inline=0	bots=coderabbitai[bot]
nemoProject	25	main	2026-08-02T20:08:59Z	cr=limit	plan=Pro Plus	cr_reviews=1	cr_inline=4	gr_items=0	gr_inline=0	bots=coderabbitai[bot]
nemoProject	26	main	2026-08-02T20:34:55Z	cr=limit	plan=Pro Plus	cr_reviews=0	cr_inline=0	gr_items=0	gr_inline=0	bots=coderabbitai[bot]
nemoProject	27	main	2026-08-03T05:11:00Z	cr=walkthrough	plan=	cr_reviews=1	cr_inline=2	gr_items=0	gr_inline=0	bots=coderabbitai[bot]
nemoProject	28	main	2026-08-03T05:46:00Z	cr=limit	plan=Pro Plus	cr_reviews=0	cr_inline=0	gr_items=0	gr_inline=0	bots=coderabbitai[bot]
nemoProject	29	main	2026-08-03T06:16:03Z	cr=limit	plan=Pro Plus	cr_reviews=1	cr_inline=1	gr_items=0	gr_inline=0	bots=coderabbitai[bot]
nemoProject	30	main	2026-08-03T11:11:46Z	cr=limit	plan=Pro Plus	cr_reviews=0	cr_inline=0	gr_items=0	gr_inline=0	bots=coderabbitai[bot]
nemoProject	31	main	2026-08-03T12:01:51Z	cr=limit	plan=Pro Plus	cr_reviews=0	cr_inline=0	gr_items=0	gr_inline=0	bots=coderabbitai[bot]
nemoProject	32	main	2026-08-03T12:27:27Z	cr=walkthrough	plan=	cr_reviews=1	cr_inline=3	gr_items=0	gr_inline=0	bots=coderabbitai[bot]
nemoProject	33	main	2026-08-03T12:51:17Z	cr=limit	plan=Pro Plus	cr_reviews=0	cr_inline=0	gr_items=0	gr_inline=0	bots=coderabbitai[bot]
nemoProject	34	main	2026-08-03T13:05:38Z	cr=limit	plan=Pro Plus	cr_reviews=0	cr_inline=0	gr_items=0	gr_inline=0	bots=coderabbitai[bot]
nemoProject	35	main	2026-08-03T13:13:44Z	cr=limit	plan=Pro Plus	cr_reviews=0	cr_inline=0	gr_items=0	gr_inline=0	bots=coderabbitai[bot]
nemoProject	36	main	2026-08-03T15:16:59Z	cr=walkthrough	plan=	cr_reviews=1	cr_inline=2	gr_items=0	gr_inline=0	bots=coderabbitai[bot]
nemoProject	37	main	2026-08-03T15:35:14Z	cr=limit	plan=Pro Plus	cr_reviews=0	cr_inline=0	gr_items=0	gr_inline=0	bots=coderabbitai[bot]
nemoProject	38	main	2026-08-03T19:49:12Z	cr=limit	plan=Pro Plus	cr_reviews=1	cr_inline=2	gr_items=0	gr_inline=0	bots=coderabbitai[bot]
nemoProject	39	main	2026-08-03T20:29:28Z	cr=limit	plan=Pro Plus	cr_reviews=0	cr_inline=0	gr_items=0	gr_inline=0	bots=coderabbitai[bot]
nemoProject	40	main	2026-08-03T20:41:19Z	cr=limit	plan=Pro Plus	cr_reviews=0	cr_inline=0	gr_items=0	gr_inline=0	bots=coderabbitai[bot]
nemoProject	41	main	2026-08-05T06:01:20Z	cr=walkthrough	plan=	cr_reviews=1	cr_inline=1	gr_items=0	gr_inline=0	bots=coderabbitai[bot]
nemoProject	42	main	2026-08-05T06:24:13Z	cr=limit	plan=Pro Plus	cr_reviews=0	cr_inline=0	gr_items=0	gr_inline=0	bots=coderabbitai[bot]
nemoProject	43	main	2026-08-05T08:43:36Z	cr=limit	plan=Pro Plus	cr_reviews=1	cr_inline=3	gr_items=0	gr_inline=0	bots=coderabbitai[bot]
nemoProject	44	main	2026-08-05T09:36:40Z	cr=limit	plan=Pro Plus	cr_reviews=0	cr_inline=0	gr_items=0	gr_inline=0	bots=coderabbitai[bot]
nemoProject	45	main	2026-08-05T12:29:41Z	cr=limit	plan=Pro Plus	cr_reviews=1	cr_inline=2	gr_items=0	gr_inline=0	bots=coderabbitai[bot]
nemoProject	46	main	2026-08-05T12:56:29Z	cr=limit	plan=Pro Plus	cr_reviews=0	cr_inline=0	gr_items=0	gr_inline=0	bots=coderabbitai[bot]
nemoProject	47	main	2026-08-05T13:19:08Z	cr=limit	plan=Pro Plus	cr_reviews=0	cr_inline=0	gr_items=0	gr_inline=0	bots=coderabbitai[bot]
nemoProject	48	main	2026-08-05T14:06:48Z	cr=walkthrough	plan=Pro Plus	cr_reviews=0	cr_inline=0	gr_items=0	gr_inline=0	bots=coderabbitai[bot]
nemoProject	49	main	2026-08-05T14:18:50Z	cr=limit	plan=Pro Plus	cr_reviews=0	cr_inline=0	gr_items=0	gr_inline=0	bots=coderabbitai[bot]
nemoProject	50	main	2026-08-05T15:39:17Z	cr=limit	plan=Pro Plus	cr_reviews=0	cr_inline=0	gr_items=0	gr_inline=0	bots=coderabbitai[bot]
nemoProject	51	main	2026-08-05T16:57:52Z	cr=limit	plan=Pro Plus	cr_reviews=1	cr_inline=1	gr_items=0	gr_inline=0	bots=coderabbitai[bot]
nemoProject	52	main	2026-08-05T17:23:34Z	cr=	plan=	cr_reviews=0	cr_inline=0	gr_items=0	gr_inline=0	bots=
nemoProject	53	main	2026-08-05T17:37:18Z	cr=limit	plan=Pro Plus	cr_reviews=0	cr_inline=0	gr_items=0	gr_inline=0	bots=coderabbitai[bot]
nemoProject	54	main	2026-08-06T12:57:59Z	cr=limit	plan=Pro Plus	cr_reviews=1	cr_inline=5	gr_items=0	gr_inline=0	bots=coderabbitai[bot]
nemoProject	55	main	2026-08-06T14:19:07Z	cr=walkthrough	plan=	cr_reviews=1	cr_inline=5	gr_items=0	gr_inline=0	bots=coderabbitai[bot]
nemoProject	56	main	2026-08-06T15:20:54Z	cr=walkthrough	plan=Pro Plus	cr_reviews=0	cr_inline=0	gr_items=0	gr_inline=0	bots=coderabbitai[bot]
nemoProject	57	main	2026-08-06T15:37:55Z	cr=limit	plan=Pro Plus	cr_reviews=0	cr_inline=0	gr_items=0	gr_inline=0	bots=coderabbitai[bot]
nemoProject	58	main	2026-08-06T16:29:43Z	cr=walkthrough	plan=Pro Plus	cr_reviews=0	cr_inline=0	gr_items=0	gr_inline=0	bots=coderabbitai[bot]
nemoProject	59	main	2026-08-06T16:30:28Z	cr=limit	plan=Pro Plus	cr_reviews=0	cr_inline=0	gr_items=0	gr_inline=0	bots=coderabbitai[bot]
nemoProject	60	main	2026-08-07T06:06:06Z	cr=limit	plan=Pro Plus	cr_reviews=1	cr_inline=13	gr_items=0	gr_inline=0	bots=coderabbitai[bot]
nemoProject	61	main	2026-08-07T06:57:27Z	cr=limit	plan=Pro Plus	cr_reviews=0	cr_inline=0	gr_items=0	gr_inline=0	bots=coderabbitai[bot]
nemoProject	62	main	2026-08-07T07:17:02Z	cr=walkthrough	plan=	cr_reviews=1	cr_inline=2	gr_items=0	gr_inline=0	bots=coderabbitai[bot]
nemoProject	63	main	2026-08-07T07:51:27Z	cr=limit	plan=Pro Plus	cr_reviews=0	cr_inline=0	gr_items=0	gr_inline=0	bots=coderabbitai[bot]
nemoProject	64	main	2026-08-07T08:52:20Z	cr=walkthrough	plan=	cr_reviews=1	cr_inline=3	gr_items=0	gr_inline=0	bots=coderabbitai[bot]
nemoProject	65	main	2026-08-07T09:14:43Z	cr=limit	plan=Pro Plus	cr_reviews=0	cr_inline=0	gr_items=0	gr_inline=0	bots=coderabbitai[bot]
nemoProject	66	main	2026-08-10T08:05:57Z	cr=walkthrough	plan=	cr_reviews=1	cr_inline=3	gr_items=0	gr_inline=0	bots=coderabbitai[bot]
nemoProject	67	main	2026-08-10T08:19:21Z	cr=limit	plan=Pro Plus	cr_reviews=0	cr_inline=0	gr_items=0	gr_inline=0	bots=coderabbitai[bot]
nemoProject	68	main	2026-08-10T09:22:03Z	cr=walkthrough	plan=	cr_reviews=1	cr_inline=7	gr_items=0	gr_inline=0	bots=coderabbitai[bot]
nemoProject	69	main	2026-08-11T05:21:50Z	cr=walkthrough	plan=Pro Plus	cr_reviews=0	cr_inline=0	gr_items=0	gr_inline=0	bots=coderabbitai[bot]
nemoProject	70	main	2026-08-11T05:32:30Z	cr=limit	plan=Pro Plus	cr_reviews=0	cr_inline=0	gr_items=0	gr_inline=0	bots=coderabbitai[bot]
nemoProject	71	main	2026-08-12T09:22:32Z	cr=walkthrough	plan=	cr_reviews=1	cr_inline=18	gr_items=0	gr_inline=0	bots=coderabbitai[bot]
nemoProject	72	main	2026-08-13T02:46:21Z	cr=limit	plan=Pro Plus	cr_reviews=1	cr_inline=2	gr_items=0	gr_inline=0	bots=coderabbitai[bot]
nemoProject	73	main	2026-08-13T10:11:46Z	cr=limit	plan=Pro Plus	cr_reviews=1	cr_inline=1	gr_items=0	gr_inline=0	bots=coderabbitai[bot]
nemoProject	74	main	2026-08-13T10:46:47Z	cr=limit	plan=Pro Plus	cr_reviews=0	cr_inline=0	gr_items=0	gr_inline=0	bots=coderabbitai[bot]
nemoProject	75	main	2026-08-14T06:47:54Z	cr=limit	plan=Pro Plus	cr_reviews=1	cr_inline=2	gr_items=0	gr_inline=0	bots=coderabbitai[bot]
nemoProject	76	main	2026-08-14T07:19:46Z	cr=limit	plan=Pro Plus	cr_reviews=0	cr_inline=0	gr_items=0	gr_inline=0	bots=coderabbitai[bot]
nemoProject	77	main	2026-08-14T14:49:48Z	cr=limit	plan=Pro Plus	cr_reviews=1	cr_inline=1	gr_items=0	gr_inline=0	bots=coderabbitai[bot]
nemoProject	78	main	2026-08-16T11:37:51Z	cr=other	plan=Pro Plus	cr_reviews=0	cr_inline=0	gr_items=0	gr_inline=0	bots=coderabbitai[bot]
nemoProject	79	main	2026-08-17T13:19:09Z	cr=other	plan=Pro Plus	cr_reviews=0	cr_inline=0	gr_items=0	gr_inline=0	bots=coderabbitai[bot]
nemoProject	80	main	2026-08-17T20:05:01Z	cr=other	plan=Pro Plus	cr_reviews=0	cr_inline=0	gr_items=0	gr_inline=0	bots=coderabbitai[bot]
nemoProject	81	main	2026-08-24T12:30:12Z	cr=other	plan=Pro Plus	cr_reviews=0	cr_inline=0	gr_items=0	gr_inline=0	bots=coderabbitai[bot]
nemoProject	82	dev	2026-08-27T04:44:17Z	cr=	plan=	cr_reviews=0	cr_inline=0	gr_items=0	gr_inline=0	bots=
nemoProject	83	dev	2026-08-27T04:58:44Z	cr=	plan=	cr_reviews=0	cr_inline=0	gr_items=0	gr_inline=0	bots=
nemoProject	84	dev	2026-08-27T05:29:07Z	cr=skipped	plan=Pro Plus	cr_reviews=0	cr_inline=0	gr_items=0	gr_inline=0	bots=coderabbitai[bot]
nemoProject	85	dev	2026-08-27T05:55:06Z	cr=skipped	plan=Pro Plus	cr_reviews=0	cr_inline=0	gr_items=0	gr_inline=0	bots=coderabbitai[bot]
nemoProject	86	dev	2026-08-27T16:15:54Z	cr=skipped	plan=Pro Plus	cr_reviews=	cr_inline=0	gr_items=0	gr_inline=0	bots=coderabbitai[bot]
nemoProject	87	dev	2026-08-27T16:19:59Z	cr=skipped	plan=Pro Plus	cr_reviews=0	cr_inline=0	gr_items=0	gr_inline=0	bots=coderabbitai[bot]
nemoProject	88	dev	2026-08-28T05:23:14Z	cr=skipped	plan=Pro Plus	cr_reviews=	cr_inline=0	gr_items=0	gr_inline=0	bots=coderabbitai[bot]
nemoProject	89	dev	2026-08-28T05:50:05Z	cr=skipped	plan=Pro Plus	cr_reviews=0	cr_inline=0	gr_items=0	gr_inline=0	bots=coderabbitai[bot]
nemoProject	90	dev	2026-08-28T07:48:00Z	cr=skipped	plan=Pro Plus	cr_reviews=0	cr_inline=0	gr_items=0	gr_inline=0	bots=coderabbitai[bot]
nemoProject	91	dev	2026-08-28T08:38:00Z	cr=skipped	plan=Pro Plus	cr_reviews=0	cr_inline=0	gr_items=0	gr_inline=0	bots=coderabbitai[bot]
nemoProject	92	dev	2026-08-28T18:27:03Z	cr=skipped	plan=Pro Plus	cr_reviews=0	cr_inline=0	gr_items=0	gr_inline=0	bots=coderabbitai[bot]
nemoProject	93	dev	2026-09-01T10:05:54Z	cr=skipped	plan=Team	cr_reviews=0	cr_inline=0	gr_items=0	gr_inline=0	bots=coderabbitai[bot]
nemoProject	94	dev	2026-09-01T14:40:17Z	cr=	plan=	cr_reviews=0	cr_inline=0	gr_items=0	gr_inline=0	bots=
nemoProject	95	dev	2026-09-02T08:40:36Z	cr=skipped	plan=Team	cr_reviews=0	cr_inline=0	gr_items=0	gr_inline=0	bots=coderabbitai[bot]
nemoProject	96	dev	2026-09-02T09:10:02Z	cr=skipped	plan=Team	cr_reviews=0	cr_inline=0	gr_items=0	gr_inline=0	bots=coderabbitai[bot]
nemoProject	97	dev	2026-09-02T14:25:20Z	cr=skipped	plan=Team	cr_reviews=0	cr_inline=0	gr_items=0	gr_inline=0	bots=coderabbitai[bot]
nemoProject	98	dev	2026-09-03T08:06:56Z	cr=skipped	plan=Team	cr_reviews=0	cr_inline=0	gr_items=0	gr_inline=0	bots=coderabbitai[bot]
nemoProject	99	dev	2026-09-04T04:14:05Z	cr=skipped	plan=Team	cr_reviews=0	cr_inline=0	gr_items=0	gr_inline=0	bots=coderabbitai[bot]
nemoProject	100	dev	2026-09-04T05:23:25Z	cr=skipped	plan=Team	cr_reviews=0	cr_inline=0	gr_items=0	gr_inline=0	bots=coderabbitai[bot]
nemoProject	101	dev	2026-09-04T05:48:28Z	cr=skipped	plan=Team	cr_reviews=0	cr_inline=0	gr_items=0	gr_inline=0	bots=coderabbitai[bot]
nemoProject	102	dev	2026-09-04T06:09:54Z	cr=skipped	plan=Team	cr_reviews=0	cr_inline=0	gr_items=0	gr_inline=0	bots=coderabbitai[bot]
nemoProject	103	dev	2026-09-04T06:18:21Z	cr=skipped	plan=Team	cr_reviews=0	cr_inline=0	gr_items=0	gr_inline=0	bots=coderabbitai[bot]
nemoProject	104	dev	2026-09-04T11:49:41Z	cr=skipped	plan=Team	cr_reviews=0	cr_inline=0	gr_items=0	gr_inline=0	bots=coderabbitai[bot]
nemoProject	105	dev	2026-09-04T15:24:55Z	cr=skipped	plan=Team	cr_reviews=0	cr_inline=0	gr_items=0	gr_inline=0	bots=coderabbitai[bot]
nemoProject	106	dev	2026-09-05T13:28:41Z	cr=skipped	plan=Team	cr_reviews=0	cr_inline=0	gr_items=0	gr_inline=0	bots=coderabbitai[bot]
nemoProject	107	dev	2026-09-05T15:50:04Z	cr=skipped	plan=Team	cr_reviews=0	cr_inline=0	gr_items=0	gr_inline=0	bots=coderabbitai[bot]
nemoProject	108	dev	2026-09-05T17:11:32Z	cr=skipped	plan=Team	cr_reviews=0	cr_inline=0	gr_items=0	gr_inline=0	bots=coderabbitai[bot]
nemoProject	109	dev	2026-09-07T08:26:04Z	cr=skipped	plan=Team	cr_reviews=0	cr_inline=0	gr_items=0	gr_inline=0	bots=coderabbitai[bot]
nemoProject	110	dev	2026-09-07T08:35:18Z	cr=skipped	plan=Team	cr_reviews=0	cr_inline=0	gr_items=0	gr_inline=0	bots=coderabbitai[bot]
nemoProject	111	dev	2026-09-07T09:57:06Z	cr=skipped	plan=Team	cr_reviews=0	cr_inline=0	gr_items=0	gr_inline=0	bots=coderabbitai[bot]
nemoProject	112	dev	2026-09-08T09:39:57Z	cr=skipped	plan=Advanced	cr_reviews=0	cr_inline=0	gr_items=0	gr_inline=0	bots=coderabbitai[bot]
nemoProject	113	dev	2026-09-08T10:25:36Z	cr=skipped	plan=Advanced	cr_reviews=0	cr_inline=0	gr_items=0	gr_inline=0	bots=coderabbitai[bot]
nemoProject	114	dev	2026-09-08T11:12:06Z	cr=skipped	plan=Advanced	cr_reviews=0	cr_inline=0	gr_items=0	gr_inline=0	bots=coderabbitai[bot]
nemoProject	115	dev	2026-09-08T11:43:04Z	cr=skipped	plan=Advanced	cr_reviews=0	cr_inline=0	gr_items=0	gr_inline=0	bots=coderabbitai[bot]
nemoProject	116	dev	2026-09-08T15:31:13Z	cr=skipped	plan=Advanced	cr_reviews=0	cr_inline=0	gr_items=0	gr_inline=0	bots=coderabbitai[bot]
nemoProject	117	dev	2026-09-09T08:53:59Z	cr=skipped	plan=Advanced	cr_reviews=0	cr_inline=0	gr_items=0	gr_inline=0	bots=coderabbitai[bot]
nemoProject	118	dev	2026-09-09T10:18:38Z	cr=skipped	plan=Advanced	cr_reviews=0	cr_inline=0	gr_items=0	gr_inline=0	bots=coderabbitai[bot]
nemoProject	119	dev	2026-09-09T11:00:30Z	cr=skipped	plan=Advanced	cr_reviews=0	cr_inline=0	gr_items=0	gr_inline=0	bots=coderabbitai[bot]
nemoProject	120	dev	2026-09-10T08:03:30Z	cr=skipped	plan=Advanced	cr_reviews=0	cr_inline=0	gr_items=0	gr_inline=0	bots=coderabbitai[bot]
nemoProject	121	dev	2026-09-10T08:21:16Z	cr=skipped	plan=Advanced	cr_reviews=0	cr_inline=0	gr_items=0	gr_inline=0	bots=coderabbitai[bot]
nemoProject	122	dev	2026-09-10T09:10:46Z	cr=skipped	plan=Advanced	cr_reviews=0	cr_inline=0	gr_items=0	gr_inline=0	bots=coderabbitai[bot]
nemoProject	123	dev	2026-09-10T09:30:57Z	cr=skipped	plan=Advanced	cr_reviews=0	cr_inline=0	gr_items=0	gr_inline=0	bots=coderabbitai[bot]
nemoProject	124	dev	2026-09-10T10:36:22Z	cr=skipped	plan=Advanced	cr_reviews=0	cr_inline=0	gr_items=0	gr_inline=0	bots=coderabbitai[bot]
nemoProject	125	dev	2026-09-11T03:28:05Z	cr=skipped	plan=Advanced	cr_reviews=0	cr_inline=0	gr_items=0	gr_inline=0	bots=coderabbitai[bot]
nemoProject	126	dev	2026-09-11T03:28:33Z	cr=skipped	plan=Advanced	cr_reviews=0	cr_inline=0	gr_items=0	gr_inline=0	bots=coderabbitai[bot]
nemoProject	127	dev	2026-09-11T11:14:08Z	cr=skipped	plan=Advanced	cr_reviews=0	cr_inline=0	gr_items=0	gr_inline=0	bots=coderabbitai[bot]
nemoProject	128	dev	2026-09-11T13:29:01Z	cr=skipped	plan=Advanced	cr_reviews=0	cr_inline=0	gr_items=0	gr_inline=0	bots=coderabbitai[bot]
oplati_podpisku	1	main	2026-04-22T19:08:02Z	cr=	plan=	cr_reviews=0	cr_inline=0	gr_items=0	gr_inline=0	bots=
oplati_podpisku	2	main	2026-04-27T09:23:55Z	cr=	plan=	cr_reviews=0	cr_inline=0	gr_items=0	gr_inline=0	bots=
oplati_podpisku	3	main	2026-04-27T09:30:44Z	cr=	plan=	cr_reviews=0	cr_inline=0	gr_items=0	gr_inline=0	bots=dependabot[bot]
oplati_podpisku	4	main	2026-04-27T11:05:01Z	cr=	plan=	cr_reviews=0	cr_inline=0	gr_items=0	gr_inline=0	bots=vercel[bot]
oplati_podpisku	5	main	2026-04-28T07:13:32Z	cr=	plan=	cr_reviews=0	cr_inline=0	gr_items=0	gr_inline=0	bots=vercel[bot]
oplati_podpisku	6	main	2026-04-30T14:56:04Z	cr=	plan=	cr_reviews=0	cr_inline=0	gr_items=0	gr_inline=0	bots=vercel[bot]
oplati_podpisku	7	main	2026-04-30T16:25:20Z	cr=	plan=	cr_reviews=0	cr_inline=0	gr_items=0	gr_inline=0	bots=vercel[bot]
oplati_podpisku	8	main	2026-05-09T09:53:01Z	cr=	plan=	cr_reviews=0	cr_inline=0	gr_items=0	gr_inline=0	bots=dependabot[bot],vercel[bot]
oplati_podpisku	9	main	2026-05-12T04:01:56Z	cr=	plan=	cr_reviews=0	cr_inline=0	gr_items=0	gr_inline=0	bots=dependabot[bot],vercel[bot]
oplati_podpisku	10	main	2026-05-12T04:05:04Z	cr=	plan=	cr_reviews=0	cr_inline=0	gr_items=0	gr_inline=0	bots=dependabot[bot],vercel[bot]
oplati_podpisku	11	main	2026-05-17T11:05:47Z	cr=	plan=	cr_reviews=0	cr_inline=0	gr_items=0	gr_inline=0	bots=vercel[bot]
oplati_podpisku	12	main	2026-05-17T11:29:14Z	cr=	plan=	cr_reviews=0	cr_inline=0	gr_items=0	gr_inline=0	bots=dependabot[bot],vercel[bot]
oplati_podpisku	13	main	2026-05-17T11:29:23Z	cr=	plan=	cr_reviews=0	cr_inline=0	gr_items=0	gr_inline=0	bots=dependabot[bot],vercel[bot]
oplati_podpisku	14	main	2026-05-28T18:07:14Z	cr=	plan=	cr_reviews=0	cr_inline=0	gr_items=0	gr_inline=0	bots=dependabot[bot],vercel[bot]
oplati_podpisku	15	main	2026-06-02T10:09:23Z	cr=	plan=	cr_reviews=0	cr_inline=0	gr_items=0	gr_inline=0	bots=github-actions[bot],vercel[bot]
oplati_podpisku	16	main	2026-06-02T11:16:57Z	cr=	plan=	cr_reviews=0	cr_inline=0	gr_items=0	gr_inline=0	bots=dependabot[bot],vercel[bot]
oplati_podpisku	17	main	2026-06-02T13:00:06Z	cr=	plan=	cr_reviews=0	cr_inline=0	gr_items=0	gr_inline=0	bots=vercel[bot]
oplati_podpisku	18	main	2026-06-08T22:41:57Z	cr=	plan=	cr_reviews=0	cr_inline=0	gr_items=0	gr_inline=0	bots=dependabot[bot],vercel[bot]
oplati_podpisku	19	main	2026-06-11T16:01:29Z	cr=skipped	plan=Pro Plus	cr_reviews=0	cr_inline=0	gr_items=0	gr_inline=0	bots=coderabbitai[bot],vercel[bot]
oplati_podpisku	20	main	2026-06-14T17:15:30Z	cr=walkthrough	plan=Pro Plus	cr_reviews=0	cr_inline=0	gr_items=0	gr_inline=0	bots=coderabbitai[bot],vercel[bot]
oplati_podpisku	21	main	2026-06-14T19:51:51Z	cr=walkthrough	plan=	cr_reviews=0	cr_inline=0	gr_items=0	gr_inline=0	bots=coderabbitai[bot],vercel[bot]
oplati_podpisku	22	main	2026-06-19T07:37:14Z	cr=limit	plan=Pro Plus	cr_reviews=0	cr_inline=0	gr_items=0	gr_inline=0	bots=coderabbitai[bot],vercel[bot]
oplati_podpisku	23	main	2026-06-19T12:38:47Z	cr=	plan=	cr_reviews=0	cr_inline=0	gr_items=0	gr_inline=0	bots=vercel[bot]
oplati_podpisku	24	main	2026-06-22T11:53:43Z	cr=	plan=	cr_reviews=0	cr_inline=0	gr_items=0	gr_inline=0	bots=vercel[bot]
oplati_podpisku	25	main	2026-06-22T14:06:04Z	cr=	plan=	cr_reviews=0	cr_inline=0	gr_items=0	gr_inline=0	bots=github-actions[bot],vercel[bot]
oplati_podpisku	26	main	2026-06-23T06:58:23Z	cr=	plan=	cr_reviews=0	cr_inline=0	gr_items=0	gr_inline=0	bots=vercel[bot]
oplati_podpisku	27	main	2026-06-23T07:22:03Z	cr=walkthrough	plan=Pro Plus	cr_reviews=0	cr_inline=0	gr_items=0	gr_inline=0	bots=coderabbitai[bot],vercel[bot]
oplati_podpisku	28	main	2026-06-23T07:52:45Z	cr=walkthrough	plan=Pro Plus	cr_reviews=0	cr_inline=0	gr_items=0	gr_inline=0	bots=coderabbitai[bot],vercel[bot]
oplati_podpisku	29	main	2026-06-23T08:20:08Z	cr=walkthrough	plan=Pro Plus	cr_reviews=0	cr_inline=0	gr_items=0	gr_inline=0	bots=coderabbitai[bot],vercel[bot]
oplati_podpisku	30	main	2026-06-25T15:38:00Z	cr=walkthrough	plan=Pro Plus	cr_reviews=1	cr_inline=1	gr_items=3	gr_inline=1	bots=coderabbitai[bot],greptile-apps[bot],vercel[bot]
oplati_podpisku	31	main	2026-06-26T10:02:24Z	cr=walkthrough	plan=Pro Plus	cr_reviews=0	cr_inline=0	gr_items=1	gr_inline=0	bots=coderabbitai[bot],greptile-apps[bot],vercel[bot]
oplati_podpisku	32	main	2026-06-26T10:04:17Z	cr=limit	plan=Pro Plus	cr_reviews=0	cr_inline=0	gr_items=3	gr_inline=1	bots=coderabbitai[bot],greptile-apps[bot],vercel[bot]
oplati_podpisku	33	main	2026-06-27T07:04:11Z	cr=limit	plan=Pro Plus	cr_reviews=0	cr_inline=0	gr_items=4	gr_inline=2	bots=coderabbitai[bot],greptile-apps[bot],vercel[bot]
oplati_podpisku	34	main	2026-06-29T07:10:21Z	cr=walkthrough	plan=	cr_reviews=1	cr_inline=1	gr_items=4	gr_inline=2	bots=coderabbitai[bot],greptile-apps[bot],vercel[bot]
oplati_podpisku	35	main	2026-06-29T10:20:52Z	cr=limit	plan=	cr_reviews=4	cr_inline=27	gr_items=8	gr_inline=3	bots=coderabbitai[bot],greptile-apps[bot],vercel[bot]
oplati_podpisku	36	main	2026-07-01T04:54:09Z	cr=limit	plan=Pro Plus	cr_reviews=1	cr_inline=1	gr_items=4	gr_inline=2	bots=coderabbitai[bot],greptile-apps[bot],vercel[bot]
oplati_podpisku	37	main	2026-07-01T08:01:06Z	cr=skipped	plan=Pro Plus	cr_reviews=0	cr_inline=0	gr_items=3	gr_inline=1	bots=coderabbitai[bot],greptile-apps[bot],vercel[bot]
oplati_podpisku	38	main	2026-07-01T08:55:20Z	cr=limit	plan=Pro Plus	cr_reviews=1	cr_inline=5	gr_items=4	gr_inline=2	bots=coderabbitai[bot],greptile-apps[bot],vercel[bot]
oplati_podpisku	39	main	2026-07-02T05:00:17Z	cr=limit	plan=Pro Plus	cr_reviews=0	cr_inline=0	gr_items=3	gr_inline=1	bots=coderabbitai[bot],greptile-apps[bot],vercel[bot]
oplati_podpisku	40	main	2026-07-02T07:51:19Z	cr=limit	plan=Pro Plus	cr_reviews=1	cr_inline=3	gr_items=11	gr_inline=7	bots=coderabbitai[bot],greptile-apps[bot],vercel[bot]
oplati_podpisku	41	main	2026-07-02T09:55:13Z	cr=limit	plan=Pro Plus	cr_reviews=1	cr_inline=3	gr_items=4	gr_inline=2	bots=coderabbitai[bot],greptile-apps[bot],vercel[bot]
oplati_podpisku	42	main	2026-07-02T10:20:31Z	cr=limit	plan=Pro Plus	cr_reviews=0	cr_inline=0	gr_items=3	gr_inline=1	bots=coderabbitai[bot],greptile-apps[bot],vercel[bot]
oplati_podpisku	43	main	2026-07-02T10:29:14Z	cr=limit	plan=Pro Plus	cr_reviews=0	cr_inline=0	gr_items=5	gr_inline=3	bots=coderabbitai[bot],greptile-apps[bot],vercel[bot]
oplati_podpisku	44	main	2026-07-02T10:51:46Z	cr=limit	plan=Pro Plus	cr_reviews=0	cr_inline=0	gr_items=4	gr_inline=2	bots=coderabbitai[bot],greptile-apps[bot],vercel[bot]
oplati_podpisku	45	main	2026-07-02T11:04:27Z	cr=walkthrough	plan=Pro Plus	cr_reviews=0	cr_inline=0	gr_items=3	gr_inline=1	bots=coderabbitai[bot],greptile-apps[bot],vercel[bot]
oplati_podpisku	46	main	2026-07-02T11:14:09Z	cr=skipped	plan=Pro Plus	cr_reviews=0	cr_inline=0	gr_items=1	gr_inline=0	bots=coderabbitai[bot],greptile-apps[bot],vercel[bot]
oplati_podpisku	47	main	2026-07-02T11:50:21Z	cr=limit	plan=Pro Plus	cr_reviews=0	cr_inline=0	gr_items=4	gr_inline=2	bots=coderabbitai[bot],greptile-apps[bot],vercel[bot]
oplati_podpisku	48	main	2026-07-02T15:35:25Z	cr=walkthrough	plan=	cr_reviews=1	cr_inline=1	gr_items=3	gr_inline=1	bots=coderabbitai[bot],greptile-apps[bot],vercel[bot]
oplati_podpisku	49	main	2026-07-02T17:56:44Z	cr=walkthrough	plan=Pro Plus	cr_reviews=0	cr_inline=0	gr_items=3	gr_inline=1	bots=coderabbitai[bot],greptile-apps[bot],vercel[bot]
oplati_podpisku	50	main	2026-07-02T18:32:19Z	cr=skipped	plan=Pro Plus	cr_reviews=0	cr_inline=0	gr_items=1	gr_inline=0	bots=coderabbitai[bot],greptile-apps[bot],vercel[bot]
oplati_podpisku	51	main	2026-07-02T19:50:13Z	cr=limit	plan=Pro Plus	cr_reviews=1	cr_inline=2	gr_items=4	gr_inline=2	bots=coderabbitai[bot],greptile-apps[bot],vercel[bot]
oplati_podpisku	52	main	2026-07-03T06:49:01Z	cr=limit	plan=Pro Plus	cr_reviews=1	cr_inline=0	gr_items=3	gr_inline=1	bots=coderabbitai[bot],greptile-apps[bot],vercel[bot]
oplati_podpisku	53	main	2026-07-03T07:22:42Z	cr=limit	plan=Pro Plus	cr_reviews=0	cr_inline=0	gr_items=1	gr_inline=0	bots=coderabbitai[bot],greptile-apps[bot],vercel[bot]
oplati_podpisku	54	main	2026-07-03T07:54:16Z	cr=limit	plan=Pro Plus	cr_reviews=1	cr_inline=0	gr_items=1	gr_inline=0	bots=coderabbitai[bot],greptile-apps[bot],vercel[bot]
oplati_podpisku	55	main	2026-07-03T08:17:50Z	cr=skipped	plan=Pro Plus	cr_reviews=0	cr_inline=0	gr_items=1	gr_inline=0	bots=coderabbitai[bot],greptile-apps[bot],vercel[bot]
oplati_podpisku	56	main	2026-07-03T09:09:51Z	cr=limit	plan=Pro Plus	cr_reviews=1	cr_inline=1	gr_items=3	gr_inline=1	bots=coderabbitai[bot],greptile-apps[bot],vercel[bot]
oplati_podpisku	57	main	2026-07-03T15:31:09Z	cr=limit	plan=Pro Plus	cr_reviews=1	cr_inline=6	gr_items=5	gr_inline=1	bots=coderabbitai[bot],greptile-apps[bot],vercel[bot]
oplati_podpisku	58	main	2026-07-03T16:10:26Z	cr=limit	plan=Pro Plus	cr_reviews=0	cr_inline=0	gr_items=1	gr_inline=0	bots=coderabbitai[bot],greptile-apps[bot],vercel[bot]
oplati_podpisku	59	main	2026-07-03T16:58:10Z	cr=limit	plan=Pro Plus	cr_reviews=0	cr_inline=0	gr_items=1	gr_inline=0	bots=coderabbitai[bot],greptile-apps[bot],vercel[bot]
oplati_podpisku	60	main	2026-07-03T17:05:41Z	cr=limit	plan=Pro Plus	cr_reviews=0	cr_inline=0	gr_items=1	gr_inline=0	bots=coderabbitai[bot],greptile-apps[bot],vercel[bot]
oplati_podpisku	61	main	2026-07-03T17:58:07Z	cr=skipped	plan=Pro Plus	cr_reviews=0	cr_inline=0	gr_items=1	gr_inline=0	bots=coderabbitai[bot],greptile-apps[bot],vercel[bot]
oplati_podpisku	62	main	2026-07-04T04:00:01Z	cr=skipped	plan=Pro Plus	cr_reviews=0	cr_inline=0	gr_items=1	gr_inline=0	bots=coderabbitai[bot],greptile-apps[bot],vercel[bot]
oplati_podpisku	63	main	2026-07-04T08:23:23Z	cr=walkthrough	plan=	cr_reviews=1	cr_inline=0	gr_items=2	gr_inline=0	bots=coderabbitai[bot],greptile-apps[bot],vercel[bot]
oplati_podpisku	64	main	2026-07-04T08:39:08Z	cr=limit	plan=Pro Plus	cr_reviews=0	cr_inline=0	gr_items=1	gr_inline=0	bots=coderabbitai[bot],greptile-apps[bot],vercel[bot]
oplati_podpisku	65	main	2026-07-07T12:43:32Z	cr=walkthrough	plan=Pro Plus	cr_reviews=0	cr_inline=0	gr_items=1	gr_inline=0	bots=coderabbitai[bot],greptile-apps[bot],vercel[bot]
oplati_podpisku	66	main	2026-07-07T19:51:13Z	cr=limit	plan=Pro Plus	cr_reviews=0	cr_inline=0	gr_items=1	gr_inline=0	bots=coderabbitai[bot],greptile-apps[bot],vercel[bot]
oplati_podpisku	67	main	2026-07-07T20:02:43Z	cr=limit	plan=Pro Plus	cr_reviews=0	cr_inline=0	gr_items=1	gr_inline=0	bots=coderabbitai[bot],greptile-apps[bot],vercel[bot]
oplati_podpisku	68	main	2026-07-10T03:18:00Z	cr=walkthrough	plan=Pro Plus	cr_reviews=0	cr_inline=0	gr_items=1	gr_inline=0	bots=coderabbitai[bot],greptile-apps[bot],vercel[bot]
oplati_podpisku	69	main	2026-07-10T08:51:24Z	cr=walkthrough	plan=Pro Plus	cr_reviews=0	cr_inline=0	gr_items=2	gr_inline=0	bots=coderabbitai[bot],greptile-apps[bot],vercel[bot]
oplati_podpisku	70	main	2026-07-12T18:27:35Z	cr=walkthrough	plan=Pro Plus	cr_reviews=0	cr_inline=0	gr_items=1	gr_inline=0	bots=coderabbitai[bot],greptile-apps[bot],vercel[bot]
oplati_podpisku	71	main	2026-07-12T18:53:52Z	cr=limit	plan=Pro Plus	cr_reviews=0	cr_inline=0	gr_items=1	gr_inline=0	bots=coderabbitai[bot],greptile-apps[bot],vercel[bot]
oplati_podpisku	72	main	2026-07-12T18:58:49Z	cr=skipped	plan=Pro Plus	cr_reviews=0	cr_inline=0	gr_items=1	gr_inline=0	bots=coderabbitai[bot],greptile-apps[bot],vercel[bot]
oplati_podpisku	73	main	2026-07-12T19:04:00Z	cr=limit	plan=Pro Plus	cr_reviews=0	cr_inline=0	gr_items=1	gr_inline=0	bots=coderabbitai[bot],greptile-apps[bot],vercel[bot]
oplati_podpisku	74	main	2026-07-13T06:17:24Z	cr=walkthrough	plan=	cr_reviews=1	cr_inline=0	gr_items=1	gr_inline=0	bots=coderabbitai[bot],greptile-apps[bot],vercel[bot]
oplati_podpisku	75	main	2026-07-13T15:15:59Z	cr=walkthrough	plan=Pro Plus	cr_reviews=0	cr_inline=0	gr_items=1	gr_inline=0	bots=coderabbitai[bot],greptile-apps[bot],vercel[bot]
oplati_podpisku	76	main	2026-07-14T06:09:15Z	cr=walkthrough	plan=	cr_reviews=1	cr_inline=0	gr_items=1	gr_inline=0	bots=coderabbitai[bot],greptile-apps[bot],vercel[bot]
oplati_podpisku	77	main	2026-07-14T07:35:55Z	cr=other+walkthrough	plan=	cr_reviews=0	cr_inline=0	gr_items=1	gr_inline=0	bots=coderabbitai[bot],greptile-apps[bot],vercel[bot]
oplati_podpisku	78	main	2026-07-14T07:59:53Z	cr=limit	plan=Pro Plus	cr_reviews=0	cr_inline=0	gr_items=1	gr_inline=0	bots=coderabbitai[bot],greptile-apps[bot],vercel[bot]
oplati_podpisku	79	main	2026-07-14T12:06:04Z	cr=walkthrough	plan=Pro Plus	cr_reviews=0	cr_inline=0	gr_items=1	gr_inline=0	bots=coderabbitai[bot],greptile-apps[bot],vercel[bot]
oplati_podpisku	80	main	2026-07-15T16:16:09Z	cr=limit	plan=Pro Plus	cr_reviews=1	cr_inline=0	gr_items=2	gr_inline=0	bots=coderabbitai[bot],greptile-apps[bot],vercel[bot]
oplati_podpisku	81	main	2026-07-18T05:55:49Z	cr=limit	plan=Pro Plus	cr_reviews=1	cr_inline=16	gr_items=4	gr_inline=0	bots=coderabbitai[bot],greptile-apps[bot],vercel[bot]
oplati_podpisku	82	main	2026-07-18T06:27:16Z	cr=skipped	plan=Pro Plus	cr_reviews=0	cr_inline=0	gr_items=1	gr_inline=0	bots=coderabbitai[bot],greptile-apps[bot],vercel[bot]
oplati_podpisku	83	main	2026-07-18T07:57:17Z	cr=skipped	plan=Pro Plus	cr_reviews=0	cr_inline=0	gr_items=1	gr_inline=0	bots=coderabbitai[bot],greptile-apps[bot],vercel[bot]
oplati_podpisku	84	main	2026-07-18T14:48:00Z	cr=skipped	plan=Pro Plus	cr_reviews=0	cr_inline=0	gr_items=1	gr_inline=0	bots=coderabbitai[bot],greptile-apps[bot],vercel[bot]
oplati_podpisku	85	main	2026-07-18T17:01:40Z	cr=walkthrough	plan=	cr_reviews=1	cr_inline=2	gr_items=1	gr_inline=0	bots=coderabbitai[bot],greptile-apps[bot],vercel[bot]
oplati_podpisku	86	main	2026-07-18T17:27:35Z	cr=walkthrough	plan=Pro Plus	cr_reviews=0	cr_inline=0	gr_items=3	gr_inline=0	bots=coderabbitai[bot],greptile-apps[bot],vercel[bot]
oplati_podpisku	87	main	2026-07-18T18:31:03Z	cr=limit	plan=Pro Plus	cr_reviews=0	cr_inline=0	gr_items=1	gr_inline=0	bots=coderabbitai[bot],greptile-apps[bot],vercel[bot]
oplati_podpisku	88	main	2026-07-19T02:47:56Z	cr=walkthrough	plan=	cr_reviews=1	cr_inline=1	gr_items=3	gr_inline=0	bots=coderabbitai[bot],greptile-apps[bot],vercel[bot]
oplati_podpisku	89	main	2026-07-19T06:43:42Z	cr=limit	plan=Pro Plus	cr_reviews=0	cr_inline=0	gr_items=1	gr_inline=0	bots=coderabbitai[bot],greptile-apps[bot],vercel[bot]
oplati_podpisku	90	main	2026-07-19T07:33:56Z	cr=limit	plan=Pro Plus	cr_reviews=1	cr_inline=2	gr_items=5	gr_inline=0	bots=coderabbitai[bot],github-advanced-security[bot],greptile-apps[bot],vercel[bot]
oplati_podpisku	91	main	2026-07-21T16:04:38Z	cr=walkthrough	plan=Pro Plus	cr_reviews=1	cr_inline=2	gr_items=6	gr_inline=0	bots=coderabbitai[bot],greptile-apps[bot],vercel[bot]
oplati_podpisku	92	main	2026-07-22T08:51:52Z	cr=walkthrough	plan=	cr_reviews=2	cr_inline=4	gr_items=3	gr_inline=0	bots=coderabbitai[bot],greptile-apps[bot],vercel[bot]
oplati_podpisku	93	main	2026-07-22T19:30:50Z	cr=walkthrough	plan=Pro Plus	cr_reviews=0	cr_inline=0	gr_items=1	gr_inline=0	bots=coderabbitai[bot],greptile-apps[bot],vercel[bot]
oplati_podpisku	94	main	2026-07-22T19:41:46Z	cr=skipped	plan=Pro Plus	cr_reviews=0	cr_inline=0	gr_items=1	gr_inline=0	bots=coderabbitai[bot],greptile-apps[bot],vercel[bot]
oplati_podpisku	95	main	2026-07-23T06:05:31Z	cr=skipped	plan=Pro Plus	cr_reviews=0	cr_inline=0	gr_items=2	gr_inline=0	bots=coderabbitai[bot],greptile-apps[bot],vercel[bot]
oplati_podpisku	96	main	2026-07-23T13:51:37Z	cr=walkthrough	plan=Pro Plus	cr_reviews=0	cr_inline=0	gr_items=1	gr_inline=0	bots=coderabbitai[bot],greptile-apps[bot],vercel[bot]
oplati_podpisku	97	main	2026-07-23T20:50:24Z	cr=	plan=	cr_reviews=0	cr_inline=0	gr_items=0	gr_inline=0	bots=dependabot[bot],vercel[bot]
oplati_podpisku	98	main	2026-07-24T08:26:55Z	cr=limit	plan=Pro Plus	cr_reviews=1	cr_inline=1	gr_items=4	gr_inline=0	bots=coderabbitai[bot],greptile-apps[bot],vercel[bot]
oplati_podpisku	99	main	2026-07-24T17:29:32Z	cr=walkthrough	plan=	cr_reviews=1	cr_inline=4	gr_items=1	gr_inline=0	bots=coderabbitai[bot],greptile-apps[bot],vercel[bot]
oplati_podpisku	100	main	2026-07-24T17:47:15Z	cr=	plan=	cr_reviews=0	cr_inline=0	gr_items=0	gr_inline=0	bots=dependabot[bot],vercel[bot]
oplati_podpisku	101	main	2026-07-24T18:56:52Z	cr=skipped	plan=Pro Plus	cr_reviews=0	cr_inline=0	gr_items=1	gr_inline=0	bots=coderabbitai[bot],greptile-apps[bot],vercel[bot]
oplati_podpisku	102	main	2026-07-25T07:03:39Z	cr=walkthrough	plan=Pro Plus	cr_reviews=0	cr_inline=0	gr_items=1	gr_inline=0	bots=coderabbitai[bot],greptile-apps[bot]
oplati_podpisku	103	main	2026-07-25T07:18:44Z	cr=skipped	plan=Pro Plus	cr_reviews=0	cr_inline=0	gr_items=1	gr_inline=0	bots=coderabbitai[bot],greptile-apps[bot]
oplati_podpisku	104	main	2026-07-25T07:31:34Z	cr=limit	plan=Pro Plus	cr_reviews=0	cr_inline=0	gr_items=1	gr_inline=0	bots=coderabbitai[bot],greptile-apps[bot]
oplati_podpisku	105	main	2026-07-25T07:37:38Z	cr=limit	plan=Pro Plus	cr_reviews=0	cr_inline=0	gr_items=1	gr_inline=0	bots=coderabbitai[bot],greptile-apps[bot]
oplati_podpisku	106	main	2026-07-25T07:43:16Z	cr=skipped	plan=Pro Plus	cr_reviews=0	cr_inline=0	gr_items=1	gr_inline=0	bots=coderabbitai[bot],greptile-apps[bot]
oplati_podpisku	107	main	2026-07-25T07:48:58Z	cr=limit	plan=Pro Plus	cr_reviews=0	cr_inline=0	gr_items=1	gr_inline=0	bots=coderabbitai[bot],greptile-apps[bot]
oplati_podpisku	108	main	2026-07-25T08:13:19Z	cr=skipped	plan=Pro Plus	cr_reviews=0	cr_inline=0	gr_items=1	gr_inline=0	bots=coderabbitai[bot],greptile-apps[bot]
oplati_podpisku	109	main	2026-07-25T08:27:30Z	cr=	plan=	cr_reviews=0	cr_inline=0	gr_items=1	gr_inline=0	bots=greptile-apps[bot]
oplati_podpisku	110	main	2026-07-25T08:39:28Z	cr=limit	plan=Pro Plus	cr_reviews=	cr_inline=0	gr_items=0	gr_inline=0	bots=coderabbitai[bot]
oplati_podpisku	111	main	2026-07-25T08:45:10Z	cr=limit	plan=Pro Plus	cr_reviews=	cr_inline=0	gr_items=0	gr_inline=0	bots=coderabbitai[bot]
oplati_podpisku	112	main	2026-07-25T13:00:50Z	cr=walkthrough	plan=Pro Plus	cr_reviews=0	cr_inline=0	gr_items=1	gr_inline=0	bots=coderabbitai[bot],greptile-apps[bot]
oplati_podpisku	113	main	2026-07-25T13:06:55Z	cr=limit	plan=Pro Plus	cr_reviews=0	cr_inline=0	gr_items=1	gr_inline=0	bots=coderabbitai[bot],greptile-apps[bot]
oplati_podpisku	114	main	2026-07-25T13:22:46Z	cr=skipped	plan=Pro Plus	cr_reviews=0	cr_inline=	gr_items=1	gr_inline=	bots=coderabbitai[bot],greptile-apps[bot]
oplati_podpisku	115	main	2026-07-25T15:19:25Z	cr=skipped	plan=Pro Plus	cr_reviews=1	cr_inline=3	gr_items=3	gr_inline=0	bots=coderabbitai[bot],greptile-apps[bot]
oplati_podpisku	116	main	2026-07-25T15:59:59Z	cr=skipped	plan=Pro Plus	cr_reviews=0	cr_inline=0	gr_items=1	gr_inline=0	bots=coderabbitai[bot],greptile-apps[bot]
oplati_podpisku	117	main	2026-07-25T16:50:53Z	cr=limit	plan=Pro Plus	cr_reviews=1	cr_inline=3	gr_items=6	gr_inline=0	bots=coderabbitai[bot],greptile-apps[bot]
oplati_podpisku	118	main	2026-07-25T17:40:46Z	cr=skipped	plan=Pro Plus	cr_reviews=0	cr_inline=0	gr_items=1	gr_inline=0	bots=coderabbitai[bot],greptile-apps[bot]
oplati_podpisku	119	main	2026-07-26T15:07:26Z	cr=walkthrough	plan=	cr_reviews=1	cr_inline=1	gr_items=0	gr_inline=0	bots=coderabbitai[bot]
oplati_podpisku	120	main	2026-07-27T06:37:09Z	cr=limit	plan=Pro Plus	cr_reviews=1	cr_inline=8	gr_items=0	gr_inline=0	bots=coderabbitai[bot],github-advanced-security[bot]
oplati_podpisku	121	main	2026-07-27T07:17:44Z	cr=limit	plan=Pro Plus	cr_reviews=0	cr_inline=0	gr_items=0	gr_inline=0	bots=coderabbitai[bot]
oplati_podpisku	122	main	2026-07-27T19:13:53Z	cr=skipped	plan=Pro Plus	cr_reviews=2	cr_inline=3	gr_items=0	gr_inline=0	bots=coderabbitai[bot]
oplati_podpisku	123	main	2026-07-28T08:31:04Z	cr=skipped	plan=Pro Plus	cr_reviews=0	cr_inline=0	gr_items=0	gr_inline=0	bots=coderabbitai[bot]
oplati_podpisku	124	main	2026-07-28T08:35:26Z	cr=skipped	plan=Pro Plus	cr_reviews=0	cr_inline=0	gr_items=0	gr_inline=0	bots=coderabbitai[bot]
oplati_podpisku	125	main	2026-07-28T09:53:58Z	cr=walkthrough	plan=Pro Plus	cr_reviews=0	cr_inline=0	gr_items=0	gr_inline=0	bots=coderabbitai[bot]
oplati_podpisku	126	main	2026-07-28T10:12:05Z	cr=skipped	plan=Pro Plus	cr_reviews=0	cr_inline=0	gr_items=0	gr_inline=0	bots=coderabbitai[bot]
oplati_podpisku	127	main	2026-07-28T11:31:08Z	cr=skipped	plan=Pro Plus	cr_reviews=0	cr_inline=0	gr_items=0	gr_inline=0	bots=coderabbitai[bot]
oplati_podpisku	128	main	2026-07-28T12:30:56Z	cr=limit	plan=Pro Plus	cr_reviews=1	cr_inline=6	gr_items=0	gr_inline=0	bots=coderabbitai[bot]
oplati_podpisku	129	main	2026-07-28T13:21:00Z	cr=skipped	plan=Pro Plus	cr_reviews=0	cr_inline=0	gr_items=0	gr_inline=0	bots=coderabbitai[bot]
oplati_podpisku	130	main	2026-07-28T15:56:05Z	cr=walkthrough	plan=	cr_reviews=1	cr_inline=2	gr_items=0	gr_inline=0	bots=coderabbitai[bot]
oplati_podpisku	131	main	2026-07-29T16:01:34Z	cr=limit+other	plan=Pro Plus	cr_reviews=1	cr_inline=6	gr_items=0	gr_inline=0	bots=coderabbitai[bot]
oplati_podpisku	132	main	2026-07-29T18:11:31Z	cr=skipped	plan=Pro Plus	cr_reviews=1	cr_inline=3	gr_items=0	gr_inline=0	bots=coderabbitai[bot],github-advanced-security[bot]
oplati_podpisku	133	main	2026-07-29T18:50:16Z	cr=skipped	plan=Pro Plus	cr_reviews=0	cr_inline=0	gr_items=0	gr_inline=0	bots=coderabbitai[bot]
oplati_podpisku	134	main	2026-07-30T07:58:45Z	cr=limit	plan=Pro Plus	cr_reviews=1	cr_inline=1	gr_items=0	gr_inline=0	bots=coderabbitai[bot]
oplati_podpisku	135	main	2026-07-30T09:03:18Z	cr=skipped	plan=Pro Plus	cr_reviews=0	cr_inline=0	gr_items=0	gr_inline=0	bots=coderabbitai[bot]
oplati_podpisku	136	main	2026-07-30T10:05:29Z	cr=skipped	plan=Pro Plus	cr_reviews=0	cr_inline=0	gr_items=0	gr_inline=0	bots=coderabbitai[bot]
oplati_podpisku	137	main	2026-07-30T10:45:47Z	cr=limit	plan=Pro Plus	cr_reviews=1	cr_inline=2	gr_items=0	gr_inline=0	bots=coderabbitai[bot]
oplati_podpisku	138	main	2026-07-30T11:08:27Z	cr=limit	plan=Pro Plus	cr_reviews=0	cr_inline=0	gr_items=0	gr_inline=0	bots=coderabbitai[bot]
oplati_podpisku	139	main	2026-07-30T11:14:55Z	cr=limit	plan=Pro Plus	cr_reviews=0	cr_inline=0	gr_items=0	gr_inline=0	bots=coderabbitai[bot]
oplati_podpisku	140	main	2026-07-30T11:24:30Z	cr=skipped	plan=Pro Plus	cr_reviews=0	cr_inline=0	gr_items=0	gr_inline=0	bots=coderabbitai[bot]
oplati_podpisku	141	main	2026-07-30T11:38:26Z	cr=skipped	plan=Pro Plus	cr_reviews=0	cr_inline=0	gr_items=0	gr_inline=0	bots=coderabbitai[bot]
oplati_podpisku	142	main	2026-07-30T13:43:26Z	cr=walkthrough	plan=	cr_reviews=1	cr_inline=6	gr_items=0	gr_inline=0	bots=coderabbitai[bot]
oplati_podpisku	143	main	2026-07-30T15:11:09Z	cr=limit	plan=Pro Plus	cr_reviews=0	cr_inline=0	gr_items=0	gr_inline=0	bots=coderabbitai[bot]
oplati_podpisku	144	main	2026-07-30T15:33:57Z	cr=skipped	plan=Pro Plus	cr_reviews=0	cr_inline=0	gr_items=0	gr_inline=0	bots=coderabbitai[bot]
oplati_podpisku	145	main	2026-07-30T16:32:25Z	cr=walkthrough	plan=	cr_reviews=1	cr_inline=1	gr_items=0	gr_inline=0	bots=coderabbitai[bot]
oplati_podpisku	146	main	2026-07-31T05:56:38Z	cr=skipped	plan=Pro Plus	cr_reviews=0	cr_inline=0	gr_items=0	gr_inline=0	bots=coderabbitai[bot]
oplati_podpisku	147	main	2026-07-31T08:42:40Z	cr=	plan=	cr_reviews=0	cr_inline=0	gr_items=0	gr_inline=0	bots=
oplati_podpisku	148	main	2026-07-31T15:20:26Z	cr=walkthrough	plan=Pro Plus	cr_reviews=0	cr_inline=0	gr_items=0	gr_inline=0	bots=coderabbitai[bot]
oplati_podpisku	149	main	2026-08-03T22:18:36Z	cr=	plan=	cr_reviews=0	cr_inline=0	gr_items=0	gr_inline=0	bots=dependabot[bot]
oplati_podpisku	150	main	2026-08-03T22:57:29Z	cr=	plan=	cr_reviews=0	cr_inline=0	gr_items=0	gr_inline=0	bots=
oplati_podpisku	151	main	2026-08-05T08:30:24Z	cr=walkthrough	plan=	cr_reviews=1	cr_inline=2	gr_items=0	gr_inline=0	bots=coderabbitai[bot]
oplati_podpisku	152	main	2026-08-10T10:21:35Z	cr=skipped	plan=Pro Plus	cr_reviews=0	cr_inline=0	gr_items=0	gr_inline=0	bots=coderabbitai[bot]
oplati_podpisku	153	main	2026-08-10T20:38:53Z	cr=limit	plan=Pro Plus	cr_reviews=0	cr_inline=0	gr_items=0	gr_inline=0	bots=coderabbitai[bot]
oplati_podpisku	154	main	2026-08-10T20:58:26Z	cr=skipped	plan=Pro Plus	cr_reviews=0	cr_inline=0	gr_items=0	gr_inline=0	bots=coderabbitai[bot]
oplati_podpisku	155	main	2026-08-11T08:19:57Z	cr=limit	plan=Pro Plus	cr_reviews=1	cr_inline=12	gr_items=0	gr_inline=0	bots=coderabbitai[bot],github-advanced-security[bot]
oplati_podpisku	156	main	2026-08-11T08:42:44Z	cr=skipped	plan=Pro Plus	cr_reviews=0	cr_inline=0	gr_items=0	gr_inline=0	bots=coderabbitai[bot]
oplati_podpisku	157	main	2026-08-12T07:26:44Z	cr=walkthrough	plan=	cr_reviews=1	cr_inline=3	gr_items=0	gr_inline=0	bots=coderabbitai[bot]
oplati_podpisku	158	main	2026-08-14T14:48:11Z	cr=walkthrough	plan=Pro Plus	cr_reviews=0	cr_inline=0	gr_items=0	gr_inline=0	bots=coderabbitai[bot]
oplati_podpisku	159	main	2026-08-14T17:21:26Z	cr=walkthrough	plan=Pro Plus	cr_reviews=0	cr_inline=0	gr_items=0	gr_inline=0	bots=coderabbitai[bot]
oplati_podpisku	160	main	2026-08-14T17:43:51Z	cr=skipped	plan=Pro Plus	cr_reviews=0	cr_inline=0	gr_items=0	gr_inline=0	bots=coderabbitai[bot]
oplati_podpisku	161	main	2026-08-15T16:37:59Z	cr=other	plan=Pro Plus	cr_reviews=0	cr_inline=0	gr_items=0	gr_inline=0	bots=coderabbitai[bot]
oplati_podpisku	162	main	2026-08-15T16:59:23Z	cr=other	plan=Pro Plus	cr_reviews=0	cr_inline=0	gr_items=0	gr_inline=0	bots=coderabbitai[bot]
oplati_podpisku	163	main	2026-08-15T17:36:09Z	cr=other	plan=Pro Plus	cr_reviews=0	cr_inline=0	gr_items=0	gr_inline=0	bots=coderabbitai[bot]
oplati_podpisku	164	main	2026-08-16T09:16:14Z	cr=other	plan=Pro Plus	cr_reviews=0	cr_inline=0	gr_items=0	gr_inline=0	bots=coderabbitai[bot]
oplati_podpisku	165	main	2026-08-18T13:53:23Z	cr=other	plan=Pro Plus	cr_reviews=0	cr_inline=0	gr_items=0	gr_inline=0	bots=coderabbitai[bot],github-advanced-security[bot]
oplati_podpisku	166	main	2026-08-18T14:03:18Z	cr=other	plan=Pro Plus	cr_reviews=0	cr_inline=0	gr_items=0	gr_inline=0	bots=coderabbitai[bot]
oplati_podpisku	167	main	2026-08-19T07:52:27Z	cr=other	plan=Pro Plus	cr_reviews=0	cr_inline=0	gr_items=0	gr_inline=0	bots=coderabbitai[bot]
oplati_podpisku	168	main	2026-08-19T12:29:42Z	cr=other	plan=Pro Plus	cr_reviews=0	cr_inline=0	gr_items=0	gr_inline=0	bots=coderabbitai[bot]
oplati_podpisku	169	main	2026-08-19T13:24:28Z	cr=other	plan=Pro Plus	cr_reviews=0	cr_inline=0	gr_items=0	gr_inline=0	bots=coderabbitai[bot]
oplati_podpisku	170	main	2026-08-19T13:34:54Z	cr=other	plan=Pro Plus	cr_reviews=0	cr_inline=0	gr_items=0	gr_inline=0	bots=coderabbitai[bot]
oplati_podpisku	171	main	2026-08-25T05:55:40Z	cr=other	plan=Pro Plus	cr_reviews=0	cr_inline=0	gr_items=0	gr_inline=0	bots=coderabbitai[bot]
oplati_podpisku	172	main	2026-08-25T06:42:07Z	cr=other	plan=Pro Plus	cr_reviews=0	cr_inline=0	gr_items=0	gr_inline=0	bots=coderabbitai[bot]
oplati_podpisku	173	main	2026-08-27T06:21:59Z	cr=other	plan=Pro Plus	cr_reviews=0	cr_inline=0	gr_items=0	gr_inline=0	bots=coderabbitai[bot]
oplati_podpisku	174	main	2026-08-27T06:22:00Z	cr=other	plan=	cr_reviews=0	cr_inline=0	gr_items=0	gr_inline=0	bots=coderabbitai[bot]
oplati_podpisku	175	main	2026-08-27T06:55:55Z	cr=other	plan=Pro Plus	cr_reviews=0	cr_inline=0	gr_items=0	gr_inline=0	bots=coderabbitai[bot]
oplati_podpisku	176	main	2026-08-27T07:05:23Z	cr=other	plan=Pro Plus	cr_reviews=0	cr_inline=0	gr_items=0	gr_inline=0	bots=coderabbitai[bot]
oplati_podpisku	177	main	2026-08-28T06:08:49Z	cr=other+walkthrough	plan=	cr_reviews=1	cr_inline=12	gr_items=0	gr_inline=0	bots=coderabbitai[bot]
oplati_podpisku	178	main	2026-08-28T06:50:05Z	cr=other	plan=Pro Plus	cr_reviews=0	cr_inline=0	gr_items=0	gr_inline=0	bots=coderabbitai[bot]
oplati_podpisku	179	main	2026-08-28T06:57:08Z	cr=other	plan=Pro Plus	cr_reviews=0	cr_inline=0	gr_items=0	gr_inline=0	bots=coderabbitai[bot]
oplati_podpisku	180	main	2026-08-28T07:14:12Z	cr=	plan=	cr_reviews=0	cr_inline=0	gr_items=0	gr_inline=0	bots=
oplati_podpisku	181	main	2026-08-28T07:36:14Z	cr=other	plan=Pro Plus	cr_reviews=0	cr_inline=0	gr_items=0	gr_inline=0	bots=coderabbitai[bot]
oplati_podpisku	182	main	2026-09-01T09:11:58Z	cr=other+walkthrough	plan=Team	cr_reviews=2	cr_inline=2	gr_items=0	gr_inline=0	bots=coderabbitai[bot]
oplati_podpisku	183	main	2026-09-01T15:26:54Z	cr=	plan=	cr_reviews=0	cr_inline=0	gr_items=0	gr_inline=0	bots=
oplati_podpisku	184	main	2026-09-02T04:48:09Z	cr=other	plan=Team	cr_reviews=0	cr_inline=0	gr_items=0	gr_inline=0	bots=coderabbitai[bot],github-advanced-security[bot]
oplati_podpisku	185	main	2026-09-02T09:33:04Z	cr=other	plan=Team	cr_reviews=0	cr_inline=0	gr_items=0	gr_inline=0	bots=coderabbitai[bot]
oplati_podpisku	186	main	2026-09-02T17:44:09Z	cr=skipped	plan=Advanced	cr_reviews=0	cr_inline=0	gr_items=0	gr_inline=0	bots=coderabbitai[bot]
oplati_podpisku	187	main	2026-09-03T07:11:39Z	cr=other	plan=Team	cr_reviews=0	cr_inline=0	gr_items=0	gr_inline=0	bots=coderabbitai[bot]
oplati_podpisku	188	main	2026-09-03T08:27:19Z	cr=other	plan=Team	cr_reviews=0	cr_inline=0	gr_items=0	gr_inline=0	bots=coderabbitai[bot]
oplati_podpisku	189	main	2026-09-04T06:19:03Z	cr=other	plan=Team	cr_reviews=0	cr_inline=0	gr_items=0	gr_inline=0	bots=coderabbitai[bot]
oplati_podpisku	190	main	2026-09-04T07:27:51Z	cr=other	plan=Team	cr_reviews=0	cr_inline=0	gr_items=0	gr_inline=0	bots=coderabbitai[bot]
oplati_podpisku	191	main	2026-09-04T12:08:55Z	cr=other	plan=Team	cr_reviews=0	cr_inline=0	gr_items=0	gr_inline=0	bots=coderabbitai[bot]
oplati_podpisku	192	main	2026-09-04T12:19:37Z	cr=other	plan=Team	cr_reviews=0	cr_inline=0	gr_items=0	gr_inline=0	bots=coderabbitai[bot]
oplati_podpisku	193	main	2026-09-04T12:38:15Z	cr=other	plan=Team	cr_reviews=0	cr_inline=0	gr_items=0	gr_inline=0	bots=coderabbitai[bot]
oplati_podpisku	194	main	2026-09-04T13:03:14Z	cr=other	plan=Team	cr_reviews=0	cr_inline=0	gr_items=0	gr_inline=0	bots=coderabbitai[bot]
oplati_podpisku	195	main	2026-09-04T16:44:41Z	cr=other	plan=Team	cr_reviews=0	cr_inline=0	gr_items=0	gr_inline=0	bots=coderabbitai[bot]
oplati_podpisku	196	main	2026-09-05T12:14:28Z	cr=other	plan=Team	cr_reviews=0	cr_inline=0	gr_items=0	gr_inline=0	bots=coderabbitai[bot]
oplati_podpisku	197	main	2026-09-05T12:53:39Z	cr=other	plan=Team	cr_reviews=0	cr_inline=0	gr_items=0	gr_inline=0	bots=coderabbitai[bot]
oplati_podpisku	198	main	2026-09-05T13:10:11Z	cr=other	plan=Team	cr_reviews=0	cr_inline=0	gr_items=0	gr_inline=0	bots=coderabbitai[bot]
oplati_podpisku	199	main	2026-09-05T13:31:48Z	cr=other	plan=Team	cr_reviews=0	cr_inline=0	gr_items=0	gr_inline=0	bots=coderabbitai[bot]
oplati_podpisku	200	main	2026-09-05T16:06:48Z	cr=other	plan=Team	cr_reviews=0	cr_inline=0	gr_items=0	gr_inline=0	bots=coderabbitai[bot]
oplati_podpisku	201	main	2026-09-06T05:33:54Z	cr=other	plan=Team	cr_reviews=0	cr_inline=0	gr_items=0	gr_inline=0	bots=coderabbitai[bot]
oplati_podpisku	202	main	2026-09-06T10:52:42Z	cr=other	plan=Team	cr_reviews=0	cr_inline=0	gr_items=0	gr_inline=0	bots=coderabbitai[bot]
oplati_podpisku	203	main	2026-09-06T12:04:05Z	cr=other	plan=Team	cr_reviews=0	cr_inline=0	gr_items=0	gr_inline=0	bots=coderabbitai[bot]
oplati_podpisku	204	main	2026-09-06T12:22:52Z	cr=other	plan=Team	cr_reviews=0	cr_inline=0	gr_items=0	gr_inline=0	bots=coderabbitai[bot]
oplati_podpisku	205	main	2026-09-07T05:32:32Z	cr=other	plan=Team	cr_reviews=0	cr_inline=0	gr_items=0	gr_inline=0	bots=coderabbitai[bot]
oplati_podpisku	206	main	2026-09-07T06:11:50Z	cr=other	plan=Team	cr_reviews=0	cr_inline=0	gr_items=0	gr_inline=0	bots=coderabbitai[bot]
oplati_podpisku	207	main	2026-09-07T06:38:19Z	cr=other	plan=Team	cr_reviews=0	cr_inline=0	gr_items=0	gr_inline=0	bots=coderabbitai[bot]
oplati_podpisku	208	main	2026-09-08T07:33:16Z	cr=other	plan=Advanced	cr_reviews=0	cr_inline=0	gr_items=0	gr_inline=0	bots=coderabbitai[bot]
oplati_podpisku	209	main	2026-09-09T07:23:22Z	cr=other	plan=Advanced	cr_reviews=0	cr_inline=0	gr_items=0	gr_inline=0	bots=coderabbitai[bot]
oplati_podpisku	210	main	2026-09-09T11:46:34Z	cr=other	plan=Advanced	cr_reviews=0	cr_inline=0	gr_items=0	gr_inline=0	bots=coderabbitai[bot]
oplati_podpisku	211	main	2026-09-09T15:37:38Z	cr=other	plan=Advanced	cr_reviews=0	cr_inline=0	gr_items=0	gr_inline=0	bots=coderabbitai[bot]
oplati_podpisku	212	main	2026-09-10T00:12:07Z	cr=skipped	plan=Advanced	cr_reviews=0	cr_inline=0	gr_items=0	gr_inline=0	bots=coderabbitai[bot]
oplati_podpisku	213	main	2026-09-10T07:48:57Z	cr=other	plan=Advanced	cr_reviews=0	cr_inline=0	gr_items=0	gr_inline=0	bots=coderabbitai[bot]
oplati_podpisku	214	main	2026-09-10T08:04:16Z	cr=other	plan=Advanced	cr_reviews=0	cr_inline=0	gr_items=0	gr_inline=0	bots=coderabbitai[bot]
oplati_podpisku	215	main	2026-09-10T08:42:35Z	cr=other	plan=Advanced	cr_reviews=0	cr_inline=0	gr_items=0	gr_inline=0	bots=coderabbitai[bot]
oplati_podpisku	216	main	2026-09-11T03:41:39Z	cr=skipped	plan=Advanced	cr_reviews=0	cr_inline=0	gr_items=0	gr_inline=0	bots=coderabbitai[bot]
oplati_podpisku	217	main	2026-09-11T04:18:41Z	cr=other	plan=Advanced	cr_reviews=0	cr_inline=0	gr_items=0	gr_inline=0	bots=coderabbitai[bot]
oplati_podpisku	218	main	2026-09-11T11:33:47Z	cr=other	plan=Advanced	cr_reviews=0	cr_inline=0	gr_items=0	gr_inline=0	bots=coderabbitai[bot]
oplati_podpisku	219	main	2026-09-11T16:56:59Z	cr=other	plan=Advanced	cr_reviews=0	cr_inline=0	gr_items=0	gr_inline=0	bots=coderabbitai[bot]
oplati_podpisku	220	main	2026-09-14T09:37:14Z	cr=other	plan=Advanced	cr_reviews=0	cr_inline=0	gr_items=0	gr_inline=0	bots=coderabbitai[bot]
oplati_podpisku	221	main	2026-09-14T16:33:19Z	cr=other	plan=Advanced	cr_reviews=0	cr_inline=0	gr_items=0	gr_inline=0	bots=coderabbitai[bot]
oplati_podpisku	222	main	2026-09-15T06:57:23Z	cr=other	plan=Advanced	cr_reviews=0	cr_inline=0	gr_items=0	gr_inline=0	bots=coderabbitai[bot]
oplati_podpisku	223	main	2026-09-15T07:33:37Z	cr=other	plan=Advanced	cr_reviews=0	cr_inline=0	gr_items=0	gr_inline=0	bots=coderabbitai[bot]
oplati_podpisku	224	main	2026-09-15T07:47:52Z	cr=other	plan=Advanced	cr_reviews=0	cr_inline=0	gr_items=0	gr_inline=0	bots=coderabbitai[bot]
oplati_podpisku	225	main	2026-09-15T09:49:42Z	cr=other	plan=Advanced	cr_reviews=0	cr_inline=0	gr_items=0	gr_inline=0	bots=coderabbitai[bot]
oplati_podpisku	226	main	2026-09-16T08:10:10Z	cr=other	plan=Advanced	cr_reviews=0	cr_inline=0	gr_items=0	gr_inline=0	bots=coderabbitai[bot]
oplati_podpisku	227	main	2026-09-16T09:02:15Z	cr=other	plan=Advanced	cr_reviews=0	cr_inline=0	gr_items=0	gr_inline=0	bots=coderabbitai[bot]
oplati_podpisku	228	main	2026-09-16T13:57:48Z	cr=other	plan=Advanced	cr_reviews=0	cr_inline=0	gr_items=0	gr_inline=0	bots=coderabbitai[bot],github-advanced-security[bot]
